model,rmse,mae,dir_acc,cls_acc,f1_macro,params,time_s
naive,5.7645,4.5617,,0.2074,0.1145,0,0.0
momentum,8.0866,6.2304,0.5506,0.3895,0.3495,0,0.0
arima,6.5233,4.735,0.5685,0.2043,0.116,3,7.2
lstm,5.6435,4.4269,0.5914,0.2605,0.2067,20033,4.4
gru,5.6746,4.4554,0.5963,0.2074,0.1145,15553,2.8
transformer,5.6823,4.4535,0.5938,0.2074,0.1145,73217,14.4
vmd-lstm,5.6526,4.427,0.5975,0.2364,0.1779,21313,3.2
vmd-gru,5.6715,4.4418,0.5932,0.2179,0.1501,16513,3.0
vmd-transformer,5.6658,4.4445,0.5901,0.2265,0.1679,73537,7.8
